email,password
Priscilla_Brandie@tti.info,paloma1
Ester_Sonja@tti.info,vergara
Monte_Cathleen@tti.info,mcgrady1
Ernest_Saundra@tti.info,dmxdmx
Todd_Christi@tti.info,ilovehim2
Tim_Tammy@tti.info,261086
Blanche_Kathryn@tti.info,martita
Jules_Gabrielle@tti.info,kurosaki
Jeremiah_Deidre@tti.info,070503
Erik_Hannah@tti.info,123cat
Edmund_Darla@tti.info,maxamillion
Magdalena_Deborah@tti.info,Maurice
Edmund_Darla@tti.info,burgos
Blanche_Kathryn@tti.info,finger11
Maxine_Catalina@tti.info,voyager
Wm_Alisha@tti.info,warriors
Bennett_Miriam@tti.info,987456123
Julius_Sherrie@tti.info,johnray
Jules_Gabrielle@tti.info,jamesd
Marion_Eugenia@tti.info,crazy5
Salvador_Dora@tti.info,aiden2
Maxine_Catalina@tti.info,xavier01
Imelda_Virginia@tti.info,555333
Ernest_Saundra@tti.info,arnulfo
Erik_Hannah@tti.info,johnathan1
Cesar_Elaine@tti.info,carmello
Cesar_Elaine@tti.info,whatever1
Rowena_Rosetta@tti.info,211192
Benjamin_Charlene@tti.info,trincheranorte
Marion_Eugenia@tti.info,290391
Ryan_Sofia@tti.info,s123456789
Kristin_Alicia@tti.info,987321
Alyssa_Norma@tti.info,lacrimi
Wm_Alisha@tti.info,larebelde
Alberta_Graciela@tti.info,nepomuceno
Milton_Renee@tti.info,bigguy
Juliet_Jeannie@tti.info,silvester
Mickey_Naomi@tti.info,021087
Caroline_Marian@tti.info,bhappy
Eldon_Roseann@tti.info,pheonix
Pete_Staci@tti.info,#1dancer
Arthur_Claudette@tti.info,luvko2
Monte_Cathleen@tti.info,heffalump
Elias_Laura@tti.info,j123456789
Zachariah_Marcie@tti.info,spinners
Antony_Malinda@tti.info,getlost
Kristen_Essie@tti.info,1love1life
Jasmine_Nora@tti.info,010992
Mel_Shana@tti.info,freelove
Caroline_Marian@tti.info,250595
Reid_Sheena@tti.info,rebelde123
Juliet_Jeannie@tti.info,210894
Rosalie_Tessa@tti.info,dudes
Rosemarie_Ora@tti.info,021489
Julius_Sherrie@tti.info,australia
Lynn_Mallory@tti.info,novie
Ryan_Sofia@tti.info,witchcraft
Rowena_Rosetta@tti.info,121008
Gordon_Yvette@tti.info,153759
Kristen_Essie@tti.info,remote
Dianne_Lois@tti.info,ALFONSO
Lynn_Mallory@tti.info,raider
Darwin_Patrice@tti.info,dudedude
Julius_Sherrie@tti.info,sugarandspice
Emilia_Ethel@tti.info,tweety3
Ward_Chris@tti.info,alexis21
Virgie_Stella@tti.info,shaun
Dianne_Lois@tti.info,janessa
Traci_Gertrude@tti.info,setiawan
Reid_Sheena@tti.info,cookie13
Nita_Estella@tti.info,hellothere
Reid_Sheena@tti.info,yo
Jana_Adriana@tti.info,diyana
Terra_Nancy@tti.info,hilton1
Wendy_Theresa@tti.info,waters
Johanna_Patricia@tti.info,platypus
Pete_Staci@tti.info,cheli
Rafael_Lorena@tti.info,potter1
Caroline_Marian@tti.info,281093
Carlos_Sybil@tti.info,140193
Ernest_Saundra@tti.info,199426
Wilma_Eliza@tti.info,fletcher
Edmund_Darla@tti.info,malice
Mel_Shana@tti.info,star23
Eunice_Shawn@tti.info,aiurea
Johnny_Irma@tti.info,shane01
Gwendolyn_Joanna@tti.info,cierra1
Dianne_Lois@tti.info,britneyspears
Lynn_Mallory@tti.info,trust1
Rafael_Lorena@tti.info,pumpkins
Priscilla_Brandie@tti.info,040407
Emilia_Ethel@tti.info,mamaie
Darla_Sarah@tti.info,rubberducky
Alyssa_Norma@tti.info,kekasih
Bennett_Miriam@tti.info,miahamm
Jeremiah_Deidre@tti.info,dxdxdx
Dexter_Nadine@tti.info,edgar13
Sally_Roslyn@tti.info,sweetlover
Elba_Polly@tti.info,simple123
Rich_Augusta@tti.info,bautista
